{
  "version": "7",
  "dialect": "postgresql",
  "entries": [
    {
      "idx": 0,
      "version": "7",
      "when": 1755618883982,
      "tag": "0000_common_magik",
      "breakpoints": true
    },
    {
      "idx": 1,
      "version": "7",
      "when": 1755622681024,
      "tag": "0001_outstanding_frank_castle",
      "breakpoints": true
    },
    {
      "idx": 2,
      "version": "7",
      "when": 1755668842163,
      "tag": "0002_nappy_maginty",
      "breakpoints": true
    },
    {
      "idx": 3,
      "version": "7",
      "when": 1755675576484,
      "tag": "0003_youthful_betty_ross",
      "breakpoints": true
    },
    {
      "idx": 4,
      "version": "7",
      "when": 1755684508728,
      "tag": "0004_demonic_krista_starr",
      "breakpoints": true
    },
    {
      "idx": 5,
      "version": "7",
      "when": 1755690337003,
      "tag": "0005_numerous_radioactive_man",
      "breakpoints": true
    },
    {
      "idx": 6,
      "version": "7",
      "when": 1755693334298,
      "tag": "0006_absurd_hammerhead",
      "breakpoints": true
    }
  ]
}